school	platform	section	field_name_verbatim	normalized_key	type	limit	required	source_url	source_type	checked_date
UQ	StudyLink Connect (Flywire)	Registration (pre-login)	Citizenship status	citizenship_status	dropdown	选项6个: Australian Citizen / New Zealand Citizen / Permanent Visa holder / Permanent Humanitarian Visa holder / Pacific Engagement Visa / International Student (none of the above)	必填	https://apply.uq.edu.au/index.cfm?event=registration.form&termsAccepted=1	live public form	2026-08-14
UQ	StudyLink Connect (Flywire)	Registration (pre-login)	My passport or official ID shows a single name only (no family name)	single_name_flag	checkbox	无限制(来源明示)	选填	https://apply.uq.edu.au/index.cfm?event=registration.form&termsAccepted=1	live public form	2026-08-14
UQ	StudyLink Connect (Flywire)	Registration (pre-login)	Given name	given_name	text	maxlength=50 (HTML) 但帮助文字写 "Maximum 30 characters." — 两者冲突,以帮助文字为准	必填	https://apply.uq.edu.au/index.cfm?event=registration.form&termsAccepted=1	live public form	2026-08-14
UQ	StudyLink Connect (Flywire)	Registration (pre-login)	Middle name	preferred_name	text	maxlength=50	选填	https://apply.uq.edu.au/index.cfm?event=registration.form&termsAccepted=1	live public form	2026-08-14
UQ	StudyLink Connect (Flywire)	Registration (pre-login)	Family name	family_name	text	maxlength=50 (HTML) 但帮助文字写 "Maximum 30 characters." — 两者冲突,以帮助文字为准	必填	https://apply.uq.edu.au/index.cfm?event=registration.form&termsAccepted=1	live public form	2026-08-14
UQ	StudyLink Connect (Flywire)	Registration (pre-login)	Email	email	text	maxlength=70	必填	https://apply.uq.edu.au/index.cfm?event=registration.form&termsAccepted=1	live public form	2026-08-14
UQ	StudyLink Connect (Flywire)	Registration (pre-login)	Confirm email	email_confirm	text	maxlength=70	必填	https://apply.uq.edu.au/index.cfm?event=registration.form&termsAccepted=1	live public form	2026-08-14
UQ	StudyLink Connect (Flywire)	Registration (pre-login)	Create password	password	text	minlength=8, maxlength=50	必填	https://apply.uq.edu.au/index.cfm?event=registration.form&termsAccepted=1	live public form	2026-08-14
UQ	StudyLink Connect (Flywire)	Registration (pre-login)	Confirm password	password_confirm	text	minlength=8, maxlength=50	必填	https://apply.uq.edu.au/index.cfm?event=registration.form&termsAccepted=1	live public form	2026-08-14
UQ	StudyLink Connect (Flywire)	Registration (pre-login)	Are you currently in Australia or do you already hold a valid Australian visa?	currently_in_australia_yn	dropdown	Yes/No	必填	https://apply.uq.edu.au/index.cfm?event=registration.form&termsAccepted=1	live public form	2026-08-14
UQ	StudyLink Connect (Flywire)	Registration (pre-login)	Are you intending on applying for a student visa?	intends_student_visa_yn	dropdown	Yes/No	必填	https://apply.uq.edu.au/index.cfm?event=registration.form&termsAccepted=1	live public form	2026-08-14
UQ	StudyLink Connect (Flywire)	Registration (pre-login)	Do you intend to apply for a Higher Degree by Research program, the Doctor of Medicine (Ochsner) program, non-award study, or a study abroad or incoming exchange program?	program_type_screener_yn	dropdown	Yes/No	必填	https://apply.uq.edu.au/index.cfm?event=registration.form&termsAccepted=1	live public form	2026-08-14
UQ	StudyLink Connect (Flywire)	Registration (pre-login)	What is your country of citizenship?	citizenship_country	dropdown	ISO 国家列表(约250项)	必填	https://apply.uq.edu.au/index.cfm?event=registration.form&termsAccepted=1	live public form	2026-08-14
UQ	StudyLink Connect (Flywire)	Registration (pre-login)	I have read and understand that any information provided will be collected and used in accordance with UQ’s Privacy Policy and UQ’s Marketing consent and privacy notice	privacy_marketing_consent	checkbox	无限制(来源明示)	未确认	https://apply.uq.edu.au/index.cfm?event=registration.form&termsAccepted=1	live public form	2026-08-14
UQ	StudyLink Connect (Flywire)	Registration (pre-login)	I have read, understand, and agree to the Flywire Terms of Use and Privacy Policy	flywire_terms_consent	checkbox	无限制(来源明示)	必填	https://apply.uq.edu.au/index.cfm?event=registration.form&termsAccepted=1	live public form	2026-08-14
UQ	StudyLink Connect (Flywire)	Registration (pre-login) — agent gate	We currently require applicants from your country of citizenship to apply using a UQ-approved agent.	agent_used_yn	radio	无限制(来源明示)	条件必填(按 country of citizenship 由 JS checkNationality() 触发;命中国籍则无法自行注册,必须由 agent 代申)	https://apply.uq.edu.au/index.cfm?event=registration.form&termsAccepted=1	live public form	2026-08-14
UQ	StudyLink Connect (Flywire)	Application form (post-login)	Personal details	family_name	text	未确认(登录墙后)	必填	https://study.uq.edu.au/admissions/postgraduate-coursework/submit-your-application	login-walled — not confirmable	2026-08-14
UQ	StudyLink Connect (Flywire)	Application form (post-login)	gender	gender	dropdown	未确认(登录墙后)	必填	https://study.uq.edu.au/admissions/postgraduate-coursework/submit-your-application	login-walled — not confirmable	2026-08-14
UQ	StudyLink Connect (Flywire)	Application form (post-login)	date of birth	date_of_birth	date	未确认(登录墙后)	必填	https://study.uq.edu.au/admissions/postgraduate-coursework/submit-your-application	login-walled — not confirmable	2026-08-14
UQ	StudyLink Connect (Flywire)	Application form (post-login)	preferred name	preferred_name	text	未确认(登录墙后)	选填	https://study.uq.edu.au/admissions/postgraduate-coursework/submit-your-application	login-walled — not confirmable	2026-08-14
UQ	StudyLink Connect (Flywire)	Application form (post-login)	Program of study	course_preference_1	dropdown	未确认(登录墙后)	必填	https://study.uq.edu.au/admissions/postgraduate-coursework/submit-your-application	official how-to-apply page	2026-08-14
UQ	StudyLink Connect (Flywire)	Application form (post-login)	You can also add up to 2 other preferences	course_preference_2	dropdown	最多再加 2 个志愿(合计 3)	选填	https://study.uq.edu.au/admissions/postgraduate-coursework/submit-your-application	official how-to-apply page	2026-08-14
UQ	StudyLink Connect (Flywire)	Application form (post-login)	start date / intake semester	intake_term	dropdown	未确认(登录墙后)	必填	https://study.uq.edu.au/admissions/postgraduate-coursework/submit-your-application	login-walled — not confirmable	2026-08-14
UQ	StudyLink Connect (Flywire)	Application form (post-login)	specific major or field of study	study_mode	dropdown	未确认(登录墙后)	条件必填(部分项目必选;申请学分抵免也必选)	https://study.uq.edu.au/admissions/postgraduate-coursework/submit-your-application	login-walled — not confirmable	2026-08-14
UQ	StudyLink Connect (Flywire)	Application form (post-login)	Previous study	institution_name	repeatable-group	未确认(登录墙后)	必填	https://study.uq.edu.au/admissions/postgraduate-coursework/submit-your-application	official how-to-apply page	2026-08-14
UQ	StudyLink Connect (Flywire)	Application form (post-login)	certified copies of complete academic transcripts	transcript_upload	file	格式建议 PDF ("Upload documents as PDFs to reduce their file size");单文件 MB 上限 未确认(登录墙后)	必填(非 UQ 学历)	https://study.uq.edu.au/admissions/postgraduate-coursework/submit-your-application	official how-to-apply page	2026-08-14
UQ	StudyLink Connect (Flywire)	Application form (post-login)	award certificate or testamur	degree_certificate_upload	file	未确认(登录墙后)	条件必填(成绩单未载明学位名称与授予日期时)	https://study.uq.edu.au/admissions/postgraduate-coursework/submit-your-application	official how-to-apply page	2026-08-14
UQ	StudyLink Connect (Flywire)	Application form (post-login)	share your transcripts online via My eQuals	transcript_delivery_method	dropdown	无限制(来源明示)	条件必填(此前在澳/新读书者可选此途径替代上传)	https://study.uq.edu.au/admissions/postgraduate-coursework/submit-your-application	official how-to-apply page	2026-08-14
UQ	StudyLink Connect (Flywire)	Application form (post-login)	a copy of your passport or national ID card	passport_scan	file	未确认(登录墙后)	必填	https://study.uq.edu.au/admissions/postgraduate-coursework/submit-your-application	official how-to-apply page	2026-08-14
UQ	StudyLink Connect (Flywire)	Application form (post-login)	documentation demonstrating your English language proficiency	english_test_report_upload	file	未确认(登录墙后)	必填	https://study.uq.edu.au/admissions/postgraduate-coursework/submit-your-application	official how-to-apply page	2026-08-14
UQ	StudyLink Connect (Flywire)	Application form (post-login)	you would like to apply for an English language pathway package	english_pathway_package_yn	checkbox	无限制(来源明示)	选填	https://study.uq.edu.au/admissions/postgraduate-coursework/submit-your-application	official how-to-apply page	2026-08-14
UQ	StudyLink Connect (Flywire)	Application form (post-login)	you want to arrange your Overseas Student Health Cover through UQ	oshc_selection	checkbox	无限制(来源明示)	选填(申请阶段勾选意向;实际支付在接受 offer 阶段)	https://study.uq.edu.au/admissions/postgraduate-coursework/submit-your-application	official how-to-apply page	2026-08-14
UQ	StudyLink Connect (Flywire)	Application form (post-login)	be assessed for credit or exemptions	credit_request_yn	radio	未确认(登录墙后)	选填	https://study.uq.edu.au/admissions/postgraduate-coursework/submit-your-application	official how-to-apply page	2026-08-14
UQ	StudyLink Connect (Flywire)	Submit	A$150 fee for each application you submit	application_fee_payment	text	A$150 每份申请,不可退	必填	https://study.uq.edu.au/admissions/postgraduate-coursework/submit-your-application	official how-to-apply page	2026-08-14
UQ	StudyLink Connect (Flywire)	After submission (portal)	provide referee details	referee_details	repeatable-group	未确认(登录墙后) — 字段结构与是否触发系统邮件均无法从公开页确认	未确认(授课型硕士 checklist 未列推荐信;此功能在 portal 中存在)	https://study.uq.edu.au/admissions/postgraduate-coursework/submit-your-application	official how-to-apply page	2026-08-14
UQ	StudyLink Connect (Flywire)	After submission (portal)	upload documentation	transcript_upload	file	未确认(登录墙后)	选填	https://study.uq.edu.au/admissions/postgraduate-coursework/submit-your-application	official how-to-apply page	2026-08-14
UQ	StudyLink Connect (Flywire)	Offer acceptance	pay your Overseas Student Health Cover (if you’re organising this through UQ)	oshc_selection	text	无限制(来源明示)	条件必填(选择由 UQ 代办 OSHC 时)	https://study.uq.edu.au/admissions/postgraduate-coursework/respond-your-offer	official how-to-apply page	2026-08-14
UQ	StudyLink Connect (Flywire)	Offer acceptance	UQ will issue your Confirmation of Enrolment (CoE)	coe_confirmation_of_enrolment	text	无限制(来源明示) — 由校方签发,非申请人填写字段	条件必填(非申请人填写字段——由校方在接受 offer 并完成付费后签发,申请阶段无此输入框)	https://study.uq.edu.au/sites/default/files/2023-05/international-guide-undergraduate-postgraduate.pdf	official PDF application guide	2026-08-14
UNSW	StudyLink Connect (Flywire)	Registration (pre-login)	You may not register on this portal.	password	text	无 — 直接 GET registration.form 返回此拒绝信息;UNSW 登录走 /sso/saml.cfm (SAML SSO)。FAQ 则称首页有 ‘Register Now’,两处说法不一致	未确认	https://apply.unsw.edu.au/index.cfm?event=registration.form&termsAccepted=1	live public form	2026-08-14
UNSW	StudyLink Connect (Flywire)	Application form (post-login)	you may include up to three programs in your preferences	course_preference_1	dropdown	最多 3 个专业志愿,同一时间只能有一份 in-flight 申请	必填	https://www.unsw.edu.au/study/how-to-apply/apply-online-faqs	official how-to-apply page	2026-08-14
UNSW	StudyLink Connect (Flywire)	Application form (post-login)	Are you seeking credit for any of the above studies?	credit_request_yn	radio	无限制(来源明示)	选填	https://www.unsw.edu.au/study/how-to-apply/apply-online-faqs	official how-to-apply page	2026-08-14
UNSW	StudyLink Connect (Flywire)	Application form (post-login)	detailed course outlines	credit_advanced_standing_request	file	未确认(登录墙后)	条件必填(本科申请且申请学分抵免时)	https://www.unsw.edu.au/study/how-to-apply/apply-online-faqs	official how-to-apply page	2026-08-14
UNSW	StudyLink Connect (Flywire)	Application form (post-login)	supporting documents	transcript_upload	file	PDF / JPG / TIF,单文件最大 10Mb	必填	https://my.unsw.edu.au/apply/doc_attachment_guidelines.html	official checklist	2026-08-14
UNSW	StudyLink Connect (Flywire)	Application form (post-login)	a complete English translation	translation_upload	file	PDF / JPG / TIF,单文件最大 10Mb	条件必填(文件非英文时)	https://my.unsw.edu.au/apply/doc_attachment_guidelines.html	official checklist	2026-08-14
UNSW	StudyLink Connect (Flywire)	Application form (post-login)	Copies of recognised undergraduate degree, showing all grades and proof of completion/degree awarded	transcript_upload	file	PDF / JPG / TIF,单文件最大 10Mb	必填	https://www.unsw.edu.au/business/our-schools/agsm/learn-with-us/agsm-programs/how-to-apply	official checklist	2026-08-14
UNSW	StudyLink Connect (Flywire)	Application form (post-login)	semester breakdown mark sheets	transcript_upload	file	PDF / JPG / TIF,单文件最大 10Mb	条件必填(持印度学历者)	https://www.unsw.edu.au/business/our-schools/agsm/learn-with-us/agsm-programs/how-to-apply	official checklist	2026-08-14
UNSW	StudyLink Connect (Flywire)	Application form (post-login)	Proof of identity	proof_of_identity_upload	file	PDF / JPG / TIF,单文件最大 10Mb	必填	https://www.unsw.edu.au/business/our-schools/agsm/learn-with-us/agsm-programs/how-to-apply	official checklist	2026-08-14
UNSW	StudyLink Connect (Flywire)	Application form (post-login)	application fee	application_fee_payment	text	AUD $150,仅限信用卡,不可退;国际研究型/UNSW Global Diploma/UNSW Canberra 项目免收	条件必填(授课型硕士国际生 必填)	https://www.unsw.edu.au/study/how-to-apply/apply-online-faqs	official how-to-apply page	2026-08-14
UNSW	StudyLink Connect (Flywire)	Application form (post-login) — agent	Can I authorise someone else to apply on my behalf? No. You must personally complete the application to study at UNSW.	agent_used_yn	radio	无限制(来源明示) — 明文禁止他人代填,但认可 recognised agents 协助	未确认(公开页未见 agent code 字段)	https://www.unsw.edu.au/study/how-to-apply/apply-online-faqs	official how-to-apply page	2026-08-14
UNSW	StudyLink Connect (Flywire)	GS (post-offer)	Genuine Student (GS) Declaration	genuine_student_declaration	file	下载 PDF 表格线下填写后上传;字数上限 未确认(登录墙后)	条件必填(收到 full/conditional offer 且被通知需做 GS check 时)	https://www.unsw.edu.au/study/how-to-apply/international/gs-requirement	official how-to-apply page	2026-08-14
UNSW	StudyLink Connect (Flywire)	GS (post-offer)	Genuine Student (GS) Assessment and Financial Declaration	genuine_student_declaration	file	印度/巴基斯坦本国居住者、及非洲(南非除外)国籍且居于非洲者改用此表;字数上限 未确认(登录墙后)	条件必填(按国籍+居住地)	https://www.unsw.edu.au/study/how-to-apply/international/gs-requirement	official how-to-apply page	2026-08-14
UNSW	StudyLink Connect (Flywire)	GS (post-offer)	financial documentation	financial_capacity_evidence	file	未确认(登录墙后)	条件必填(GS check 被触发时)	https://www.unsw.edu.au/study/how-to-apply/international/gs-requirement	official how-to-apply page	2026-08-14
UNSW	StudyLink Connect (Flywire)	GS (post-offer)	personal statements (where applicable)	genuine_student_statement	textarea	未确认(登录墙后)	条件必填(GS check 被触发时)	https://www.unsw.edu.au/study/how-to-apply/international/gs-requirement	official how-to-apply page	2026-08-14
UNSW	StudyLink Connect (Flywire)	GS (post-offer)	student interviews	video_interview	text	face-to-face interview,由 agent/regional manager 执行	条件必填(GS check 被触发时)	https://www.unsw.edu.au/study/how-to-apply/international/gs-requirement	official how-to-apply page	2026-08-14
UNSW	StudyLink Connect (Flywire)	GS (post-offer) — agent	If you are applying direct, you’ll need to send your declaration form to a registered UNSW agent or UNSW regional manager to complete.	agent_name	text	无限制(来源明示)	条件必填(直申者做 GS check 时仍须经 agent 或 regional manager 会签)	https://www.unsw.edu.au/study/how-to-apply/international/gs-requirement	official how-to-apply page	2026-08-14
UNSW	StudyLink Connect (Flywire)	MBA 例外 (AGSM, coursework master)	Referee reports	referee_report_upload	file	两封;申请人自行把表格转发给推荐人、收回签名件后由申请人上传;无系统发信邀请	必填(AGSM MBA)	https://www.unsw.edu.au/business/our-schools/agsm/learn-with-us/agsm-programs/how-to-apply	official checklist	2026-08-14
UNSW	StudyLink Connect (Flywire)	MBA 例外 (AGSM, coursework master)	Referee details: Name, Title, Organisation, Work phone, Email, Address	referee_details	repeatable-group	每位推荐人 6 个字段;未要求机构邮箱(来源未提及)	必填(AGSM MBA)	https://www.unsw.edu.au/business/our-schools/agsm/learn-with-us/agsm-programs/how-to-apply	official checklist	2026-08-14
UNSW	StudyLink Connect (Flywire)	MBA 例外 (AGSM, coursework master)	What is your motivation for studying the MBA Full-time at AGSM?	personal_statement	textarea	approx. 250 words	必填(AGSM MBA)	https://www.unsw.edu.au/business/our-schools/agsm/learn-with-us/agsm-programs/how-to-apply	official checklist	2026-08-14
UNSW	StudyLink Connect (Flywire)	MBA 例外 (AGSM, coursework master)	How will you contribute to your classes and to the AGSM community?	personal_statement	textarea	approx. 250 words	必填(AGSM MBA)	https://www.unsw.edu.au/business/our-schools/agsm/learn-with-us/agsm-programs/how-to-apply	official checklist	2026-08-14
UNSW	StudyLink Connect (Flywire)	MBA 例外 (AGSM, coursework master)	(Optional Question) Is there anything else you would like to share with the Admissions Committee?	personal_statement	textarea	未确认(来源未给字数)	选填(AGSM MBA)	https://www.unsw.edu.au/business/our-schools/agsm/learn-with-us/agsm-programs/how-to-apply	official checklist	2026-08-14
UNSW	StudyLink Connect (Flywire)	MBA 例外 (AGSM, coursework master)	GMAT or GRE	gmat_gre_score	text	成绩 5 年有效	条件必填(以考试成绩证明学术能力时)	https://www.unsw.edu.au/business/our-schools/agsm/learn-with-us/agsm-programs/how-to-apply	official checklist	2026-08-14
UNSW	StudyLink Connect (Flywire)	MBA 例外 (AGSM, coursework master)	short video Interview	video_interview	file	提交完整申请后 3 天内收到链接;仅入围者需完成	条件必填(被 shortlist 后)	https://www.unsw.edu.au/business/our-schools/agsm/learn-with-us/agsm-programs/how-to-apply	official checklist	2026-08-14
UNSW	StudyLink Connect (Flywire)	Research 例外 (非 coursework)	contact details for up to two academic or professional referees	referee_details	repeatable-group	最多 2 位;仅 Research program 要求	必填(Research program 才要;授课型硕士不要)	https://www.unsw.edu.au/study/how-to-apply/apply-online-faqs	official how-to-apply page	2026-08-14
Melbourne	TechnologyOne eStudent (T1 Cloud)	Login (pre-login)	Student ID	existing_student_id	text	未确认(来源未给上限)	条件必填(此前申请过或已是墨大学生)	https://prod.ss.unimelb.edu.au/student/SM/eApplications/eAppLogin.aspx?r=&f=%23UM.EAP.CI2LOGIN.WEB	live public form	2026-08-14
Melbourne	TechnologyOne eStudent (T1 Cloud)	Login (pre-login)	Password	password	text	未确认(来源未给上限)	条件必填(老用户登录)	https://prod.ss.unimelb.edu.au/student/SM/eApplications/eAppLogin.aspx?r=&f=%23UM.EAP.CI2LOGIN.WEB	live public form	2026-08-14
Melbourne	TechnologyOne eStudent (T1 Cloud)	Registration (post-login)	Complete the registration form with personal details and educational background	family_name	text	未确认(登录墙后)	必填	https://study.unimelb.edu.au/how-to-apply/your-online-application	login-walled — not confirmable	2026-08-14
Melbourne	TechnologyOne eStudent (T1 Cloud)	Application form (post-login)	course preferences	course_preference_1	dropdown	国际研究生页写 "up to 3 courses";通用在线申请页写 "up to four preferences" — 两页数字冲突	必填	https://study.unimelb.edu.au/how-to-apply/graduate-coursework-study/international-applications/applications	official how-to-apply page	2026-08-14
Melbourne	TechnologyOne eStudent (T1 Cloud)	Application form (post-login)	academic transcripts	transcript_upload	file	未确认(登录墙后)	必填(有大学学历者)	https://study.unimelb.edu.au/how-to-apply/your-online-application	official checklist	2026-08-14
Melbourne	TechnologyOne eStudent (T1 Cloud)	Application form (post-login)	grading scale or equivalent documentation	grading_scale_upload	file	未确认(登录墙后)	条件必填(成绩单未清楚说明评分体系时)	https://study.unimelb.edu.au/how-to-apply/your-online-application	official checklist	2026-08-14
Melbourne	TechnologyOne eStudent (T1 Cloud)	Application form (post-login)	an official translation in addition to the original document	translation_upload	file	须 NAATI 认证 Professional Translator;每页须有译者签名、翻译日期、认证信息/机构印章;申请人自译不接受	条件必填(文件非英文时)	https://study.unimelb.edu.au/how-to-apply/your-online-application	official checklist	2026-08-14
Melbourne	TechnologyOne eStudent (T1 Cloud)	Application form (post-login)	a clear, scanned colour copy of your passport	passport_scan	file	须彩色扫描件;MB 上限 未确认(登录墙后)	必填	https://study.unimelb.edu.au/how-to-apply/your-online-application	official checklist	2026-08-14
Melbourne	TechnologyOne eStudent (T1 Cloud)	Application form (post-login)	proof of English language proficiency	english_test_report_upload	file	未确认(登录墙后)	必填(可在提交申请后补交)	https://study.unimelb.edu.au/how-to-apply/your-online-application	official checklist	2026-08-14
Melbourne	TechnologyOne eStudent (T1 Cloud)	Application form (post-login)	personal statements, portfolios or results from aptitude tests	personal_statement	textarea	未确认(登录墙后)	条件必填(按课程 entry requirements)	https://study.unimelb.edu.au/how-to-apply/your-online-application	official checklist	2026-08-14
Melbourne	TechnologyOne eStudent (T1 Cloud)	Application form (post-login)	how you would like to provide your transcript	transcript_delivery_method	dropdown	选项含 My eQuals / Digitary VIA / Parchment / National Student Clearinghouse / Upload	必填	https://study.unimelb.edu.au/how-to-apply/your-online-application	official how-to-apply page	2026-08-14
Melbourne	TechnologyOne eStudent (T1 Cloud)	Application form (post-login)	share link (My eQuals)	credential_verification_id	text	须设 Recipient=Open access, Access PIN=None, Expiry=Does not expire	条件必填(选择 My eQuals 途径时)	https://study.unimelb.edu.au/how-to-apply/your-online-application	official how-to-apply page	2026-08-14
Melbourne	TechnologyOne eStudent (T1 Cloud)	Application form (post-login)	Parchment Delivery ID (DID)	credential_verification_id	text	未确认(来源未给上限)	条件必填(美国学历选择 Parchment 时)	https://study.unimelb.edu.au/how-to-apply/your-online-application	official how-to-apply page	2026-08-14
Melbourne	TechnologyOne eStudent (T1 Cloud)	Application form (post-login)	Genuine Student declaration	genuine_student_declaration	file	2026-07-16 起为在线申请的 mandatory component;表格在 portal 内提供,可下载填写后上传;内容含 immigration history / 资金来源 / 选择该课程的原因	必填(国际生,2026-07-16 起)	https://study.unimelb.edu.au/how-to-apply/genuine-student-requirement	official how-to-apply page	2026-08-14
Melbourne	TechnologyOne eStudent (T1 Cloud)	GS (post-offer, if requested)	Genuine Student statement	genuine_student_statement	textarea	每个小问回答 Keep each response under 150 words;超出可另传附件;须英文、第一人称、有证据支撑、Not be AI-generated	条件必填(offer 附带 GS 条件且校方要求时)	https://study.unimelb.edu.au/how-to-apply/genuine-student-requirement	official how-to-apply page	2026-08-14
Melbourne	TechnologyOne eStudent (T1 Cloud)	GS (post-offer, if requested)	Provide details of your current circumstances, including ties to family, community, employment and your financial situation.	gs_immigration_history	textarea	under 150 words	条件必填(被要求提交 GS statement 时)	https://study.unimelb.edu.au/how-to-apply/genuine-student-requirement	official how-to-apply page	2026-08-14
Melbourne	TechnologyOne eStudent (T1 Cloud)	GS (post-offer, if requested)	Explain why you want to study this course in Australia, and why you chose the University of Melbourne.	gs_reason_for_course	textarea	under 150 words	条件必填(被要求提交 GS statement 时)	https://study.unimelb.edu.au/how-to-apply/genuine-student-requirement	official how-to-apply page	2026-08-14
Melbourne	TechnologyOne eStudent (T1 Cloud)	GS (post-offer, if requested)	Explain how completing the course will benefit you.	gs_reason_for_course	textarea	under 150 words	条件必填(被要求提交 GS statement 时)	https://study.unimelb.edu.au/how-to-apply/genuine-student-requirement	official how-to-apply page	2026-08-14
Melbourne	TechnologyOne eStudent (T1 Cloud)	GS (post-offer, if requested)	Add any other relevant information you’d like us to consider.	gs_funding_source	textarea	under 150 words	选填(被要求提交 GS statement 时)	https://study.unimelb.edu.au/how-to-apply/genuine-student-requirement	official how-to-apply page	2026-08-14
Melbourne	TechnologyOne eStudent (T1 Cloud)	GS (post-offer, if requested)	video interview	video_interview	text	受邀则必须出席	条件必填(校方发出邀请时)	https://study.unimelb.edu.au/how-to-apply/genuine-student-requirement	official how-to-apply page	2026-08-14
Melbourne	TechnologyOne eStudent (T1 Cloud)	Agent	Education agent nomination and authorisation form	agent_nomination_form	file	须由申请人本人(不是 agent)填写,随课程申请一并提交;同一时间只能被一家 authorised agent 代理	条件必填(使用 agent 时必填;最近就读地为 巴基斯坦(所有研究生)/印度(所有在印完成高等教育者) 则强制必须走 agent)	https://study.unimelb.edu.au/how-to-apply/authorised-education-agent	official how-to-apply page	2026-08-14
Melbourne	TechnologyOne eStudent (T1 Cloud)	Submit	non-refundable application fee of AUD $154	application_fee_payment	text	AUD $154 每份申请;提交流程末端信用卡支付	必填(国际生,除豁免情形)	https://study.unimelb.edu.au/how-to-apply/your-online-application	official how-to-apply page	2026-08-14
Melbourne	TechnologyOne eStudent (T1 Cloud)	Previous study — China	Online Verification Report of Higher Education Qualification Certificate	credential_verification_id	file	经 CSSD(原 CHESICC)通过 My eQuals 投递;或改由 authorised education agent 认证	条件必填(最近在中国就读者,三份报告之一)	https://study.unimelb.edu.au/how-to-apply/your-online-application	official how-to-apply page	2026-08-14
Melbourne	TechnologyOne eStudent (T1 Cloud)	Previous study — China	Verification Report of China Higher Education Student’s Academic Transcript	credential_verification_id	file	同上	条件必填(最近在中国就读者,三份报告之一)	https://study.unimelb.edu.au/how-to-apply/your-online-application	official how-to-apply page	2026-08-14
Melbourne	TechnologyOne eStudent (T1 Cloud)	Previous study — China	China Higher Education Degree Certificate Information/OR Online Verification Report of Higher Education Degree Certificate	credential_verification_id	file	同上	条件必填(最近在中国就读者,三份报告之一)	https://study.unimelb.edu.au/how-to-apply/your-online-application	official how-to-apply page	2026-08-14
Melbourne	TechnologyOne eStudent (T1 Cloud)	Previous study — India	individual marksheets for each semester of study completed	transcript_upload	file	若院校只出 consolidated transcript,须另附院校声明(无挂科/无扣分)	条件必填(在印度完成高等教育者)	https://study.unimelb.edu.au/how-to-apply/your-online-application	official how-to-apply page	2026-08-14
Adelaide University	StudyLink Connect (Flywire)	Registration (pre-login)	Citizenship Status	citizenship_status	dropdown	国际生品牌下仅一个选项: International student applying to study in Australia	必填	https://student-adelaideuni.studylink.com/index.cfm?event=registration.form&termsAccepted=1&brand=ADELAIDEUNI&custInstID=ADELAIDEUNI	live public form	2026-08-14
Adelaide University	StudyLink Connect (Flywire)	Registration (pre-login)	I only have one Legal name on my passport and/or travel document	single_name_flag	checkbox	无限制(来源明示)	选填	https://student-adelaideuni.studylink.com/index.cfm?event=registration.form&termsAccepted=1&brand=ADELAIDEUNI&custInstID=ADELAIDEUNI	live public form	2026-08-14
Adelaide University	StudyLink Connect (Flywire)	Registration (pre-login)	Legal First Name	given_name	text	maxlength=50	必填	https://student-adelaideuni.studylink.com/index.cfm?event=registration.form&termsAccepted=1&brand=ADELAIDEUNI&custInstID=ADELAIDEUNI	live public form	2026-08-14
Adelaide University	StudyLink Connect (Flywire)	Registration (pre-login)	Legal Last Name	family_name	text	maxlength=50	必填	https://student-adelaideuni.studylink.com/index.cfm?event=registration.form&termsAccepted=1&brand=ADELAIDEUNI&custInstID=ADELAIDEUNI	live public form	2026-08-14
Adelaide University	StudyLink Connect (Flywire)	Registration (pre-login)	Email	email	text	maxlength=70	必填	https://student-adelaideuni.studylink.com/index.cfm?event=registration.form&termsAccepted=1&brand=ADELAIDEUNI&custInstID=ADELAIDEUNI	live public form	2026-08-14
Adelaide University	StudyLink Connect (Flywire)	Registration (pre-login)	Confirm email	email_confirm	text	maxlength=70	必填	https://student-adelaideuni.studylink.com/index.cfm?event=registration.form&termsAccepted=1&brand=ADELAIDEUNI&custInstID=ADELAIDEUNI	live public form	2026-08-14
Adelaide University	StudyLink Connect (Flywire)	Registration (pre-login)	Create password	password	text	minlength=8, maxlength=50	必填	https://student-adelaideuni.studylink.com/index.cfm?event=registration.form&termsAccepted=1&brand=ADELAIDEUNI&custInstID=ADELAIDEUNI	live public form	2026-08-14
Adelaide University	StudyLink Connect (Flywire)	Registration (pre-login)	Confirm password	password_confirm	text	minlength=8, maxlength=50	必填	https://student-adelaideuni.studylink.com/index.cfm?event=registration.form&termsAccepted=1&brand=ADELAIDEUNI&custInstID=ADELAIDEUNI	live public form	2026-08-14
Adelaide University	StudyLink Connect (Flywire)	Registration (pre-login)	Are you a current or former student of the University of Adelaide or the University of South Australia?	prior_student_of_institution_yn	dropdown	Yes/No	必填	https://student-adelaideuni.studylink.com/index.cfm?event=registration.form&termsAccepted=1&brand=ADELAIDEUNI&custInstID=ADELAIDEUNI	live public form	2026-08-14
Adelaide University	StudyLink Connect (Flywire)	Registration (pre-login)	Please enter your University of South Australia or University of Adelaide Student ID	existing_student_id	text	未确认(HTML 未设 maxlength)	条件必填(上一题选 Yes)	https://student-adelaideuni.studylink.com/index.cfm?event=registration.form&termsAccepted=1&brand=ADELAIDEUNI&custInstID=ADELAIDEUNI	live public form	2026-08-14
Adelaide University	StudyLink Connect (Flywire)	Registration (pre-login)	Citizenship	citizenship_country	dropdown	ISO 国家列表	必填	https://student-adelaideuni.studylink.com/index.cfm?event=registration.form&termsAccepted=1&brand=ADELAIDEUNI&custInstID=ADELAIDEUNI	live public form	2026-08-14
Adelaide University	StudyLink Connect (Flywire)	Registration (pre-login)	I have read, understand, and agree to the Flywire Terms of Use and Privacy Policy	flywire_terms_consent	checkbox	无限制(来源明示)	必填	https://student-adelaideuni.studylink.com/index.cfm?event=registration.form&termsAccepted=1&brand=ADELAIDEUNI&custInstID=ADELAIDEUNI	live public form	2026-08-14
Adelaide University	StudyLink Connect (Flywire)	Registration (pre-login) — agent gate	Please note, we require applicants from your country of citizenship to apply through a recognised representative of Adelaide University.	agent_used_yn	radio	无限制(来源明示)	条件必填(按国籍;中东/北非/撒哈拉以南非洲/南亚(孟加拉、印度、马尔代夫、尼泊尔、巴基斯坦、斯里兰卡)/菲律宾/拉美 必须经 Education Agent 申请)	https://student-adelaideuni.studylink.com/index.cfm?event=registration.form&termsAccepted=1&brand=ADELAIDEUNI&custInstID=ADELAIDEUNI	live public form	2026-08-14
Adelaide University	StudyLink Connect (Flywire)	Application form (post-login)	Certified copies of your academic transcripts and graduate certificates	transcript_upload	file	须 certified copy:每页须有 (1) 认证人/机构名称原始印章 (2) 英文 "I certify that this is a true copy of the original" 字样 (3) 原始签名 (4) 认证日期;须清晰扫描件;单文件 MB 上限 未确认(登录墙后)	必填	https://ask.adelaideuni.edu.au/app/answers/detail/a_id/4180	official checklist	2026-08-14
Adelaide University	StudyLink Connect (Flywire)	Application form (post-login)	certified translations	translation_upload	file	非英文文件须同时提供原文 certified copy + 官方英文翻译件,翻译件同样须 certified	条件必填(文件非英文时)	https://ask.adelaideuni.edu.au/app/answers/detail/a_id/4180	official checklist	2026-08-14
Adelaide University	StudyLink Connect (Flywire)	Application form (post-login)	A copy of your passport	passport_scan	file	未确认(登录墙后)	必填	https://adelaide.edu.au/study/international-students/how-to-apply/apply-now/	official checklist	2026-08-14
Adelaide University	StudyLink Connect (Flywire)	Application form (post-login)	Official English test results from IELTS, TOEFL iBT, Pearson or Cambridge CAE/CPE or another approved objective test	english_test_report_upload	file	未确认(登录墙后)	条件必填(以考试成绩证明英语能力时)	https://adelaide.edu.au/study/international-students/how-to-apply/apply-now/	official checklist	2026-08-14
Adelaide University	StudyLink Connect (Flywire)	Application form (post-login)	Professional qualifications (e.g. short courses) or professional memberships you may have	qualification_name	file	未确认(登录墙后)	选填	https://adelaide.edu.au/study/international-students/how-to-apply/apply-now/	official checklist	2026-08-14
Adelaide University	StudyLink Connect (Flywire)	Application form (post-login)	Syllabus of subjects if you wish to be considered for advanced standing (credit transfer)	credit_advanced_standing_request	file	未确认(登录墙后)	条件必填(申请学分抵免时)	https://adelaide.edu.au/study/international-students/how-to-apply/apply-now/	official checklist	2026-08-14
Adelaide University	StudyLink Connect (Flywire)	Application form (post-login)	a personal statement, portfolio, or supplementary form	personal_statement	textarea	未确认(登录墙后)	条件必填(部分项目)	https://adelaide.edu.au/study/international-students/how-to-apply/	official checklist	2026-08-14
Adelaide University	StudyLink Connect (Flywire)	Application form (post-login)	Relevant work experience — certified references from your employer, if needed	referee_report_upload	file	由申请人上传雇主出具的 certified reference;无系统发信邀请机制	条件必填(部分项目按需)	https://adelaide.edu.au/study/international-students/how-to-apply/	official checklist	2026-08-14
Adelaide University	StudyLink Connect (Flywire)	Application form (post-login)	Recognition of prior learning (RPL) form	credit_advanced_standing_request	file	未确认(登录墙后)	条件必填(申请 RPL 时)	https://adelaide.edu.au/study/international-students/how-to-apply/	official checklist	2026-08-14
Adelaide University	StudyLink Connect (Flywire)	Application form (post-login)	Details of course exclusions	credit_advanced_standing_request	text	未确认(登录墙后)	选填	https://adelaide.edu.au/study/international-students/how-to-apply/	official checklist	2026-08-14
Adelaide University	StudyLink Connect (Flywire)	Application form (post-login)	secure link generated in the My eQuals platform	transcript_delivery_method	text	走 My eQuals 安全链接则免 certified copy 要求	选填(替代 certified copy 的途径)	https://ask.adelaideuni.edu.au/app/answers/detail/a_id/4180	official checklist	2026-08-14
Adelaide University	StudyLink Connect (Flywire)	Submit	A non-refundable application fee of AUD $150	application_fee_payment	text	AUD $150 每份申请;研究学位/100% 在线/非学位项目免收	必填	https://adelaide.edu.au/study/international-students/how-to-apply/	official how-to-apply page	2026-08-14
Adelaide University	StudyLink Connect (Flywire)	Offer acceptance	signed Offer of Admission	declaration_signature	file	无限制(来源明示)	必填(接受 offer 时)	https://adelaide.edu.au/study/international-students/how-to-apply/accepting-your-offer/	official how-to-apply page	2026-08-14
Adelaide University	StudyLink Connect (Flywire)	Offer acceptance	First Tuition Payment	application_fee_payment	text	经 Flywire 支付	必填(接受 offer 时)	https://adelaide.edu.au/study/international-students/how-to-apply/accepting-your-offer/	official how-to-apply page	2026-08-14
Adelaide University	StudyLink Connect (Flywire)	Offer acceptance	Overseas Student Health Cover (OSHC)	oshc_selection	dropdown	可在 Online Application System 内向学校 preferred provider 购买,也可自行安排;非申请阶段字段	必填(接受 offer 阶段,所有国际生强制)	https://adelaide.edu.au/study/international-students/how-to-apply/accepting-your-offer/	official how-to-apply page	2026-08-14
Adelaide University	StudyLink Connect (Flywire)	Offer acceptance	Genuine Student requirements	genuine_student_declaration	file	以 conditional offer 的 condition 形式出现,非申请表内字段;具体表单 未确认(登录墙后)	条件必填(offer 条件中列出时)	https://adelaide.edu.au/study/international-students/how-to-apply/accepting-your-offer/	official how-to-apply page	2026-08-14
Adelaide University	StudyLink Connect (Flywire)	Offer acceptance	Confirmation of Enrolment (CoE)	coe_confirmation_of_enrolment	text	由校方在收到 acceptance + First Tuition Payment + OSHC 后签发,非申请人填写字段	条件必填(非申请人填写字段——由校方在接受 offer 并完成付费后签发,申请阶段无此输入框)	https://adelaide.edu.au/study/international-students/how-to-apply/accepting-your-offer/	official how-to-apply page	2026-08-14
Adelaide University	StudyLink Connect (Flywire)	Offer acceptance	Confirmation of Appropriate Accommodation and Welfare (CAAW)	accommodation_under18_nomination	file	随 CoE 一并签发	条件必填(未满 18 岁且不与父母/法定监护人/21 岁以上指定亲属同住)	https://adelaide.edu.au/study/international-students/how-to-apply/accepting-your-offer/	official how-to-apply page	2026-08-14
Melbourne	TechnologyOne eStudent (T1 Cloud)	Agent nomination form — Section A: Student details	Student ID number	existing_student_id	text	未确认(PDF 表格无字数标注)	必填(使用 agent 时)	https://study.unimelb.edu.au/__data/assets/pdf_file/0019/47071/Education-agent-nomination-form.pdf	official PDF application guide	2026-08-14
Melbourne	TechnologyOne eStudent (T1 Cloud)	Agent nomination form — Section A: Student details	Date of birth	date_of_birth	date	未确认(PDF 表格无字数标注)	必填(使用 agent 时)	https://study.unimelb.edu.au/__data/assets/pdf_file/0019/47071/Education-agent-nomination-form.pdf	official PDF application guide	2026-08-14
Melbourne	TechnologyOne eStudent (T1 Cloud)	Agent nomination form — Section A: Student details	Given name	given_name	text	未确认(PDF 表格无字数标注)	必填(使用 agent 时)	https://study.unimelb.edu.au/__data/assets/pdf_file/0019/47071/Education-agent-nomination-form.pdf	official PDF application guide	2026-08-14
Melbourne	TechnologyOne eStudent (T1 Cloud)	Agent nomination form — Section A: Student details	Family name	family_name	text	未确认(PDF 表格无字数标注)	必填(使用 agent 时)	https://study.unimelb.edu.au/__data/assets/pdf_file/0019/47071/Education-agent-nomination-form.pdf	official PDF application guide	2026-08-14
Melbourne	TechnologyOne eStudent (T1 Cloud)	Agent nomination form — Section A: Student details	Email address (your personal email)	email	text	未确认(PDF 表格无字数标注)	必填(使用 agent 时)	https://study.unimelb.edu.au/__data/assets/pdf_file/0019/47071/Education-agent-nomination-form.pdf	official PDF application guide	2026-08-14
Melbourne	TechnologyOne eStudent (T1 Cloud)	Agent nomination form — Section B: Agent details	Agent company name	agent_name	text	未确认(PDF 表格无字数标注)	必填(使用 agent 时)	https://study.unimelb.edu.au/__data/assets/pdf_file/0019/47071/Education-agent-nomination-form.pdf	official PDF application guide	2026-08-14
Melbourne	TechnologyOne eStudent (T1 Cloud)	Agent nomination form — Section B: Agent details	Agent office (city)	agent_name	text	未确认(PDF 表格无字数标注)	必填(使用 agent 时)	https://study.unimelb.edu.au/__data/assets/pdf_file/0019/47071/Education-agent-nomination-form.pdf	official PDF application guide	2026-08-14
Melbourne	TechnologyOne eStudent (T1 Cloud)	Agent nomination form — Section B: Agent details	Agent office (country)	agent_name	text	未确认(PDF 表格无字数标注)	必填(使用 agent 时)	https://study.unimelb.edu.au/__data/assets/pdf_file/0019/47071/Education-agent-nomination-form.pdf	official PDF application guide	2026-08-14
Melbourne	TechnologyOne eStudent (T1 Cloud)	Agent nomination form — Section B: Agent details	Counsellor’s name and email	agent_counsellor_contact	text	未确认(PDF 表格无字数标注) — 注意:墨大用 counsellor 姓名+邮箱定位,公开表格中未见数字 agent code	必填(使用 agent 时)	https://study.unimelb.edu.au/__data/assets/pdf_file/0019/47071/Education-agent-nomination-form.pdf	official PDF application guide	2026-08-14
Melbourne	TechnologyOne eStudent (T1 Cloud)	Agent nomination form — Section B: Agent details	I am living, working and/or studying in the country where the education agent is located. / Other (please explain):	agent_consent_declaration	radio	Other 需文字说明,字数上限 未确认	必填(使用 agent 时二选一)	https://study.unimelb.edu.au/__data/assets/pdf_file/0019/47071/Education-agent-nomination-form.pdf	official PDF application guide	2026-08-14
Melbourne	TechnologyOne eStudent (T1 Cloud)	Agent nomination form — Section C: Change of agent	Previous agent company name	agent_name	text	未确认(PDF 表格无字数标注)	条件必填(更换 agent 时)	https://study.unimelb.edu.au/__data/assets/pdf_file/0019/47071/Education-agent-nomination-form.pdf	official PDF application guide	2026-08-14
Melbourne	TechnologyOne eStudent (T1 Cloud)	Agent nomination form — Section C: Change of agent	Previous agent office (city)	agent_name	text	未确认(PDF 表格无字数标注)	条件必填(更换 agent 时)	https://study.unimelb.edu.au/__data/assets/pdf_file/0019/47071/Education-agent-nomination-form.pdf	official PDF application guide	2026-08-14
Melbourne	TechnologyOne eStudent (T1 Cloud)	Agent nomination form — Section C: Change of agent	Previous agent office (country)	agent_name	text	未确认(PDF 表格无字数标注)	条件必填(更换 agent 时)	https://study.unimelb.edu.au/__data/assets/pdf_file/0019/47071/Education-agent-nomination-form.pdf	official PDF application guide	2026-08-14
Melbourne	TechnologyOne eStudent (T1 Cloud)	Agent nomination form — Section C: Change of agent	Date you first authorised this agent	date_of_birth	date	未确认(PDF 表格无字数标注)	条件必填(更换 agent 时)	https://study.unimelb.edu.au/__data/assets/pdf_file/0019/47071/Education-agent-nomination-form.pdf	official PDF application guide	2026-08-14
Melbourne	TechnologyOne eStudent (T1 Cloud)	Agent nomination form — Section C: Change of agent	Why are you changing agent?	agent_consent_declaration	radio	三选一: 搬家 / 对原 agent 服务不满(须 specify) / Other(须说明);字数上限 未确认	条件必填(更换 agent 时)	https://study.unimelb.edu.au/__data/assets/pdf_file/0019/47071/Education-agent-nomination-form.pdf	official PDF application guide	2026-08-14
Melbourne	TechnologyOne eStudent (T1 Cloud)	Agent nomination form — Section C: Change of agent	I confirm withdrawal of my authorisation for the agent shown in SECTION C to act on my behalf.	agent_consent_declaration	checkbox	无限制(来源明示)	条件必填(更换 agent 时)	https://study.unimelb.edu.au/__data/assets/pdf_file/0019/47071/Education-agent-nomination-form.pdf	official PDF application guide	2026-08-14
Melbourne	TechnologyOne eStudent (T1 Cloud)	Agent nomination form — Section D: Declaration	I have completed the Education Agent Nomination and Authorisation form myself.	declaration_signature	checkbox	无限制(来源明示) — 明文要求由申请人本人填写,不得由 agent 代填	必填(使用 agent 时)	https://study.unimelb.edu.au/__data/assets/pdf_file/0019/47071/Education-agent-nomination-form.pdf	official PDF application guide	2026-08-14
Melbourne	TechnologyOne eStudent (T1 Cloud)	Agent nomination form — Section D: Declaration	I authorise the education agent shown in Section B to represent me in all dealings with the University of Melbourne regarding my application.	agent_consent_declaration	checkbox	无限制(来源明示)	必填(使用 agent 时)	https://study.unimelb.edu.au/__data/assets/pdf_file/0019/47071/Education-agent-nomination-form.pdf	official PDF application guide	2026-08-14
Melbourne	TechnologyOne eStudent (T1 Cloud)	Agent nomination form — Section D: Declaration	Applicant’s signature	declaration_signature	text	无限制(来源明示)	必填(使用 agent 时)	https://study.unimelb.edu.au/__data/assets/pdf_file/0019/47071/Education-agent-nomination-form.pdf	official PDF application guide	2026-08-14
Melbourne	TechnologyOne eStudent (T1 Cloud)	Agent nomination form — Section D: Declaration	Parent’s/guardian’s signature (if applicant is under 18 years old)	declaration_signature	text	无限制(来源明示)	条件必填(申请人未满 18 岁)	https://study.unimelb.edu.au/__data/assets/pdf_file/0019/47071/Education-agent-nomination-form.pdf	official PDF application guide	2026-08-14
Melbourne	TechnologyOne eStudent (T1 Cloud)	Agent nomination form — Section D: Declaration	Date	declaration_date	date	无限制(来源明示)	必填(使用 agent 时)	https://study.unimelb.edu.au/__data/assets/pdf_file/0019/47071/Education-agent-nomination-form.pdf	official PDF application guide	2026-08-14
Melbourne	TechnologyOne eStudent (T1 Cloud)	Agent nomination form — submission	Requirement - Appointment of authorised representative	agent_nomination_form	file	上传至 eApplication 系统内该 Requirement 项下;格式/MB 上限 未确认(登录墙后)	必填(使用 agent 时)	https://study.unimelb.edu.au/__data/assets/pdf_file/0019/47071/Education-agent-nomination-form.pdf	official PDF application guide	2026-08-14
Melbourne	TechnologyOne eStudent (T1 Cloud)	Document upload (post-login)	Document attachments → Upload a new file / Add another	transcript_upload	file	官方上传指引页只描述界面步骤,未给出接受格式与单文件 MB 上限 → 未确认(登录墙后)	必填	https://study.unimelb.edu.au/how-to-apply/instructions-to-upload-documents	official how-to-apply page	2026-08-14
